E-mail:Admazing - https://www.admazing.de/ - E-mail: kontakt@admazing.de
Webmatch GmbH - https://webmatch.de/ - E-mail: info@webmatch.de
Freshpage - https://www.freshpage.de/ - E-mail: kontakt@freshpage.de
Onlineshop-Experten - https://onlineshop-experten.com/ - E-mail: info@onlineshop-experten.com
Websmart GmbH - https://www.websmart.de/ - E-mail: info@websmart.de
Hutter Consult GmbH - https://www.hutter-consult.com/ - E-mail: info@hutter-consult.com
AWORK Webagentur - https://www.awork.de/ - E-mail: info@awork.de
Grizzly New Marketing GmbH - https://www.grizzly-website.de/ - E-mail: kontakt@grizzly-new-marketing.de
KN-Internetagentur - https://www.kn-internetagentur.de/ - E-mail: info@kn-internetagentur.de
nbsp GmbH - https://nbsp.de/ - E-mail: info@nbsp.de
luna-park GmbH - https://www.luna-park.de/ - E-mail: info@luna-park.de
Team23 - https://www.team23.de/ - E-mail: info@team23.de
Nolte & Lauth - https://nolteundlauth.de/ - E-mail: info@nolteundlauth.de
ad agents GmbH - https://www.ad-agents.com/ - E-mail: info@ad-agents.com
netzstrategen GmbH - https://www.netzstrategen.com/ - E-mail: info@netzstrategen.com
42DIGITAL - https://www.42digital.de/ - E-mail: info@42digital.de
Bloom - https://www.bloomproject.de/ - E-mail: info@bloomproject.de
Wunderman Thompson Germany - https://www.wundermanthompson.de/ - E-mail: info.de@wundermanthompson.com
KlickPiloten GmbH - https://www.klickpiloten.de/ - E-mail: info@klickpiloten.de
Blue Marketing - https://blue.marketing/ - E-mail: info@blue.marketing
WEBneo GmbH - https://www.webneo.de/ - E-mail: info@webneo.de
Discovergy GmbH - https://discovergy.com/ - E-mail: kontakt@discovergy.com
Cocomore AG - https://www.cocomore.de/ - E-mail: info@cocomore.de
Conceptbakery - https://www.conceptbakery.com/ - E-mail: info@conceptbakery.com
TWT Digital Group - https://www.twt.de/ - E-mail: info@twt.de
go-digital Agentur - https://www.go-digital-agentur.de/ - E-mail: kontakt@go-digital-agentur.de
AWEOS - https://aweos.de/ - E-mail: hello@aweos.de
Network Team GmbH - https://www.networkteam.com/ - E-mail: info@networkteam.com
Denkwerk - https://www.denkwerk.com/ - E-mail: info@denkwerk.com
Parasol Island - https://www.parasol-island.com/ - E-mail: info@parasol-island.com
Netzbewegung GmbH - https://www.netzbewegung.com/ - E-mail: kontakt@netzbewegung.com
Comeo - https://www.comeo.de/ - E-mail: info@comeo.de
RCKT - https://rckt.com/ - E-mail: hello@rckt.com
Jung von Matt - https://www.jvm.com/ - E-mail: info@jvm.com
Syzygy - https://www.syzygy.de/ - E-mail: info@syzygy.de
Interone - https://www.interone.de/ - E-mail: info@interone.de
7SQUARED - https://7squared.de/ - E-mail: info@7squared.de
diva-e Digital Value Enterprise GmbH - https://www.diva-e.com/ - E-mail: info@diva-e.com
dotfly - https://www.dotfly.eu/ - E-mail: info@dotfly.eu
Team Internet AG - https://www.teaminternet.com/ - E-mail: info@teaminternet.com
Namics - https://www.namics.com/ - E-mail: info@namics.com
Plan.Net - https://www.plan-net.com/ - E-mail: info@plan-net.com
Scholz & Friends - www.s-f.com - E-mail: info@s-f.com
BBDO - https://www.bbdo.de - E-mail: kontakt@bbdo.de
Ogilvy - https://www.ogilvy.de - E-mail: kontakt@ogilvy.de
Publicis - https://www.publicis.de - E-mail: info@publicis.de
Jung von Matt - https://www.jvm.com - E-mail: info@jvm.com
Serviceplan - https://www.serviceplan.com - E-mail: info@serviceplan.com
Grey - https://www.grey.de - E-mail: info@grey.de
DDB - https://www.ddb.de - E-mail: info@ddb.de
Saatchi & Saatchi - www.saatchi.de -E-mail: info@saatchi.de
Havas - https://www.havas.de - E-mail: info@havas.de
